word,translation
"mujer","woman, wife, lady"
"niña","girl, child, daughter"
"hombre","man, bloke, guy"
"niño","boy, child, kid"
"manzana","apple, block"
"pan","bread, bar, cake"
leche,milk
agua,water
"español","Spanish, Spaniard, Spanish man"
"taxi","taxi, cab"
teléfono,phone
pasaporte,passport
maleta,suitcase
"hotel","hotel, hotels"
dinero,money
boleto,ticket
aeropuerto,airport
autobús,bus
tren,train
"museo","museum, museums"
"hospital","hospital, hospitals"
baño,bathroom
calle,street
"banco","bank, banks"
supermercado,supermarket
restaurante,restaurant
mesa,table
personas,people
"hamburguesa","burger, hamburger"
"sándwich","sandwich, sandwiches"
pescado,fish
queso,cheese
"carne","meat, pork, beef"
azúcar,sugar
jugo,juice
vaso,glass
café,coffee
naranja,orange
"taza","cup, mug"
sal,salt
cuenta,check
tomate,tomato
ensalada,salad
madre,mother
"padre","father, dad"
"carro","car, automobile"
casa,house
grande,big
hermana,sister
gato,cat
hermano,brother
perro,dog
esposa,wife
esposo,husband
apartamento,apartment
abuelo,grandfather
familia,family
abuela,grandmother
bicicleta,bicycle
hija,daughter
hijo,son
verde,green
azul,blue
chaqueta,jacket
tienda,store
ropa,clothes
"camisa","shirt, blouse, top"
marrón,brown
vestido,dress
camiseta,T-shirt
"gris","gray, grey"
sombrero,hat
rojo,red
falda,skirt
abrigo,coat
"cartera","purse, bag, wallet"
"reloj","watch, clock"
cinturón,belt
regalo,gift
bolígrafo,pen
escuela,school
libro,book
examen,exam
maestro,teacher
clase,class
estudiante,student
profesor,professor
computadora,computer
"universidad","university, college"
medicina,medicine
americano,American
España,Spain
americana,American
cubana,Cuban
mexicana,mexican
cubano,Cuban
mexicano,Mexican
"señora","ma'am, woman, lady"
"té","tea, tea party"
banana,banana
"fútbol","soccer, football"
"partido","game, match, departed"
"cumpleaños","birthday, birthday party, birthdays"
béisbol,baseball
"concierto","concert, (I) arrange, (I) agree"
"fiesta","party, holiday, don't"
"baile","dance, dance!, dance hall"
"película","movie, film"
francés,French
oficina,office
"vino","wine, (he/she/it/you) came, (he/she/it/you) arrived"
Europa,Europe
Inglaterra,England
Francia,France
"camarera","waitress, barmaid, maid"
"camarero","waiter, barman, bellboy"
maestra,teacher
portugués,Portuguese
"celular","cell phone, cellphone, cell"
"número","number, act, constable"
"amigo","friend, buddy, bud"
"dirección","direction, address, setting"
amiga,friend
"joven","young, young man, young woman"
"médica","doctor, medical"
"ciudad","city, town"
médico,doctor
"novia","girlfriend, bride, fiancée"
"pueblo","town, people, small town"
"novio","boyfriend, fiancé, groom"
"bolígrafos","pens, ballpoint pens"
"biblioteca","library, bookcase, bookshelves"
computadoras,computers
"estudiantes","students, university students, college students"
italiano,Italian
"hijos","children, sons"
"mascota","pets, pet, mascot"
española,Spanish
inglesa,English
"jefe","boss, manager"
escritorio,desk
"carta","letter, card"
correo electrónico,email
jugador,player
zapato,shoe
"pantalón","trousers, pants"
"estación","station, stations, season"
"puerta","door, gate"
"metro","meters, meter, subway"
"playa","beach, beaches"
"periódico","newspaper, daily newspaper"
pollo,chicken
"comida","eaten, food, meal"
arroz,rice
pastel,cake
chocolate,chocolate
"piscina","pool, swimming pool"
"chico","boy, small"
"viejo","old, old man"
"música","music, composer, harmonica"
"televisión","television, TV"
"sala","lounge, living room, room"
"nevera","fridge, refrigerator"
cama,bed
"dormitorio","room, bedroom, dormitory"
"habitación","room, bedroom"
ventana,window
silla,chair
"estantería","bookcase, bookshelf, shelf"
"planta","plants, plant, floor"
"jardín","garden, yard"
celulares,cell phones
cerveza,beer
"frijol","food, bean"
cuchara,spoon
cuchillo,knife
tenedor,fork
"plato","dish, course, plate"
bebida,drink
tinto,red
botella,bottle
blanco,white
patata,potato
sopa,soup
postre,dessert
"padres","parents, fathers"
"deporte","sport, sports"
baloncesto,basketball
piano,piano
guitarra,guitar
marido,husband
"talla","size, carve"
"precio","price, charge, deal"
dólar,dollar
"tarjeta de crédito","credit card, credit"
negro,black
amarillo,yellow
rubio,blond
persona,person
zoológico,zoo
"tiempo","time, to play for time, weather"
"caballo","horse, horses"
pelota,ball
"río","Rio, (I) am laughing, river"
"país","country, land"
"gente","people, good, kind"
"tele","TV, television, telly"
adulto,adult
pizza,pizza
"frío","cold, (I) fry, (I) waste"
"calor","hot, warm, heat"
animal,animal
"curso","course, class, grade"
alemán,German
idioma,language
"almuerzo","lunch, (I) eat lunch"
"desayuno","breakfast, (I) eat breakfast"
"tarea","homework, assignment, task"
"cena","dinner, supper"
"diario","paper, daily, newspaper"
"viento","wind, windy"
"sol","sun, G, so"
invierno,winter
"oscuro","dark, darker"
nublado,cloudy
"primavera","spring, springtime"
"nieva","snow, (it) snows, (?) is it snowing"
"otoño","autumn, fall"
"foto","picture, photo, photos"
conversación,conversation
europeo,European
arte,art
"pintura","painting, paint"
básquetbol,basketball
"grupo","band, group, stood"
radio,radio
palabra,word
canción,song
"chino","Chinese, curly"
gorra,cap
blusa,blouse
mundo,world
cámara,camera
"cuarto","quarter, room, bedroom"
chileno,Chilean
"caliente","hot, warm"
"ojo","eye, look out"
flor,flower
pájaro,bird
"bota","boot, jump"
"color","color, colors, dye"
"par","pair, couple"
"lentes","glasses, spectacles, lenses"
vaqueros,jeans
fruta,fruit
bolsa,bag
plátano,banana
"huevo","egg, ball, lump"
papa,potato
"vegetal","vegetable, plant"
mantequilla,butter
"picante","hot, spicy, salty"
"chorizo","sausage, chorizo"
"refrigerador","fridge, refrigerator, refrigerators"
página,page
lápiz,pencil
mano,hand
cabello,hair
"cara","face, expensive, faces"
"llave","key, lock"
"diente","tooth, teeth"
cepillo de dientes,toothbrush
aula,classroom
"lección","lesson, lecture"
diccionario,dictionary
"pizarra","chalkboard, blackboard, whiteboard"
bici,bike
"paquete","package, pack"
"salsa","sauce, salsa, dip"
"imagen","image, picture"
"librería","bookstore, bookshop"
"entrada","ticket, driven, starter"
oreja,ear
"pie","foot, stood, based"
"césped","grass, lawn"
pared,wall
"piso","ground, floor, press"
granja,farm
ducha,shower
"mesero","waiter, server"
vaca,cow
"cerdo","pig, pork"
búho,owl
pez,fish
nieve,snow
árbol,tree
"lluvia","rain, barrage, hail"
boca,mouth
"cuerpo","body, substance, figure"
nariz,nose
